f0,f1,f2,f3,f4,f5,f6,f7,class
0.2439,-1.5786,3.2348,-4.2989,-0.3103,-5.6285,-1.5146,-0.4767,0
-2.7464,2.6293,-0.9223,-1.9851,-1.3095,2.5355,0.0132,-0.7883,1
-1.0601,-2.5433,-0.2754,4.8332,-4.4534,1.31,-0.75,-2.6106,3
0.2111,3.3305,0.6484,-0.5299,5.1873,-2.8358,4.0732,-0.1422,2
0.1982,3.3852,1.6045,-0.8263,2.2169,-2.9813,0.7999,-1.5532,2
-2.2865,-3.6633,-0.1309,-0.5893,-1.7653,0.6576,1.2498,1.0448,3
-2.1555,-3.0468,0.4089,-1.0047,-0.0033,-0.8138,2.0816,-2.9551,3
-0.5025,1.7816,0.7303,-3.247,3.728,-1.9581,1.5417,-0.5306,2
-3.3963,-3.0983,-0.0333,-0.2873,-1.1034,-0.3664,2.5062,-1.1846,3
0.6831,-1.6353,0.9239,-2.9553,0.5841,-1.4017,-4.0866,-0.9911,0
-0.0129,-1.6658,1.6169,-2.7118,-1.7575,-0.848,-2.0161,-0.6966,0
-0.7421,-4.3221,0.7121,3.1175,-2.4019,1.166,2.8777,-1.2124,3
-0.7321,-1.8037,-1.1267,0.1091,-2.3495,0.4246,-3.711,-4.2453,1
0.6549,1.0203,-0.3961,-1.5966,1.5007,-3.1684,3.3301,-0.7916,2
-2.121,1.1009,-4.0967,-0.2899,-0.676,5.3137,-2.4619,-0.709,1
-1.9984,-1.8559,-2.4676,1.5859,-3.4971,0.8512,-0.3216,-1.4368,3
1.0475,3.1233,1.5034,-1.7106,4.1407,-2.1936,0.0287,-0.4206,2
0.3928,-2.3617,0.0658,1.5957,-1.3788,0.4431,0.0905,-0.6617,3
1.7823,1.1296,0.0067,-1.4264,1.0805,-2.6966,1.9479,0.7473,2
-0.8108,-2.5773,-1.6074,-1.2826,2.186,3.8031,-1.1783,-3.3087,1
1.0993,-1.652,2.1624,-3.5315,0.1927,-0.8196,-5.1383,2.0618,0
0.3777,4.0631,0.2134,0.3956,4.3563,-1.7975,3.1776,-2.886,2
1.282,3.3919,0.2197,-3.7686,3.0359,-2.4312,2.3341,-2.2897,2
-0.0379,-3.2345,0.7539,-0.142,0.8392,-1.0274,-4.2547,-1.0616,0
-4.5804,-1.5755,-1.1558,3.2016,-0.4849,1.5416,1.9235,-2.0459,3
-5.1464,-0.7819,-2.2153,-1.0046,-2.0247,2.7947,-1.7168,-2.6933,1
-0.3418,0.3151,1.4328,0.3228,2.5851,-6.1143,2.0772,-1.6734,2
-1.811,1.3931,2.0394,-0.9779,1.0346,-2.0009,3.4343,-1.2936,2
-3.1125,0.0862,-4.9416,-3.2835,0.2617,4.1807,-1.3275,-2.0858,1
-1.112,-0.5974,0.0452,1.8327,-1.0801,0.728,-1.0077,1.6001,3
-0.3629,2.0454,-0.8513,-0.1915,5.6302,-1.7286,-0.9283,-3.0228,2
-2.867,3.2153,-2.6242,-2.6632,1.569,2.1488,-2.0229,-2.1808,1
-1.9405,0.9356,-0.7522,3.9488,-0.1063,-0.3569,1.7894,-1.2968,3
-1.7355,0.0973,1.9804,-2.7267,-0.4443,-1.7896,-3.9641,-0.4495,0
0.4869,1.7437,-0.2933,-0.0676,0.6251,-4.4055,1.5972,-2.0054,2
2.1581,3.8238,-0.6004,0.641,2.7072,-2.2259,1.7741,-0.3326,2
-0.7685,-2.0176,0.5649,-1.6048,-1.2606,-1.686,-2.645,-2.0049,0
-3.6733,-3.9321,-2.3678,1.1769,-3.7766,0.348,1.2515,2.0188,3
-4.7628,0.1599,-1.6865,-0.18,-2.0586,1.3092,-1.4976,-1.9564,3
-1.6556,-2.6165,0.8873,-1.2721,-0.2559,-0.2657,-0.0798,-3.5459,0
-2.7085,-1.5851,-2.3985,-2.1065,-0.683,-3.5249,-1.6374,-0.3411,0
-1.9291,-1.8867,-1.9936,-1.0792,0.3831,1.445,-2.945,-1.9913,1
-3.984,-2.36,-1.8522,-1.1391,-0.1826,0.1391,-1.1622,-0.551,1
-1.5751,-2.5572,-3.9328,2.1644,-3.3428,-0.5171,1.486,-0.3605,3
0.1344,3.1108,-1.8689,-2.1371,3.9565,-1.2622,2.1328,-2.101,2
-1.1862,3.5314,0.4266,-0.5698,4.0816,-4.8121,2.0569,-0.8582,2
-1.5313,-1.6743,-5.1195,-3.8523,3.0363,4.6539,-3.2182,-2.6811,1
-3.6695,-4.0103,-0.5456,2.0448,0.5785,0.113,1.2632,-0.6608,3
-0.1791,0.3236,0.684,-0.6938,2.4184,-2.0508,-0.6935,-1.2941,2
1.9363,2.9811,-0.1062,-1.2928,3.8272,-4.2599,1.9274,-2.3123,2
-1.2961,-3.8974,-3.1618,4.5373,-2.0175,1.5302,2.4317,-0.0152,3
3.1443,3.1042,1.0889,-1.6126,3.6418,-0.885,3.9619,-3.9013,2
2.2803,-0.2423,-0.6568,0.3211,3.7712,-4.1657,-0.4915,0.7704,2
-2.3573,-3.3927,-1.6163,2.8279,-1.6066,-0.0395,-0.9838,-2.857,3
-0.7757,-0.7087,-0.4629,-2.7199,0.9701,-0.0692,-3.1214,-2.9052,0
0.5696,1.7152,-0.575,2.0418,0.3856,-2.4773,2.1867,-0.3989,2
-0.7459,-1.2008,-1.2326,-4.6787,1.0762,-2.1543,-4.0893,-2.0136,0
1.5523,1.529,1.8057,-1.9968,3.9692,-2.1463,2.7739,1.6375,2
0.4109,-2.5062,4.7491,-4.171,1.4957,-1.1779,-2.4667,1.0316,0
-0.7859,-0.7797,1.5021,-1.8316,0.1568,1.087,-3.1991,-0.725,0
-0.1313,1.6993,-0.0579,-0.7219,1.3425,-2.0426,2.9114,-1.1622,2
-1.0709,1.82,1.128,1.4812,1.1462,-2.2912,0.955,-2.2876,2
-1.0089,-0.2608,-1.8581,-2.7371,0.1448,3.7817,-4.2608,-1.7481,1
-2.873,-0.5985,-2.7695,-3.3586,2.6741,2.681,-1.6567,1.5477,1
-0.3254,-3.9969,1.5551,-2.6023,-2.3411,-0.3971,-0.9797,-2.5703,0
-0.891,2.5653,0.7995,0.2023,1.5555,-4.1088,-0.5425,2.2929,2
2.5537,2.4627,1.7201,0.4046,2.0256,-2.3558,1.9766,-1.3107,2
-2.5604,-3.4576,-2.2211,0.4926,-3.4129,3.9131,3.1519,-0.752,3
-0.6834,-2.8333,1.1271,-3.5325,-2.0209,0.7245,-2.2272,-0.7375,0
-1.7995,-0.6006,-2.3123,-1.862,-0.4603,4.5419,-1.6378,-1.5421,1
-1.5519,-0.6199,2.8527,-3.0792,1.3998,-1.8665,-2.5512,1.0945,0
-1.2294,-2.3585,-0.745,1.1684,-1.9523,0.4833,2.3578,2.2421,3
-1.2648,-1.0731,0.4906,-1.069,1.0502,0.4657,-2.9493,3.6095,0
-3.7169,-5.6204,1.406,-3.5961,-1.3524,0.5625,-1.1095,0.2648,0
-1.1395,-1.363,-0.113,-2.7393,0.8573,-0.2785,-1.7588,0.3372,0
-3.8074,-0.7703,-2.5047,-1.6926,-0.9383,1.9822,-3.0225,-1.5,1
-2.4387,-1.1977,-3.0121,-1.354,2.3494,2.8423,-1.8006,-3.8326,1
-1.8632,-1.2526,-2.3731,0.5925,-1.9185,0.3866,-4.2333,-5.0134,1
-3.2097,0.2427,-2.1791,-2.3824,-1.1529,0.104,-3.0048,-3.8224,1
0.2022,-4.5437,1.9477,-2.749,0.8431,-0.2928,-4.7506,-0.2522,0
-2.6317,-0.1961,-0.4575,-2.3919,2.1788,4.4849,0.1461,-0.1745,1
-2.1131,1.4846,-1.8355,-1.8634,-0.7339,2.1985,-4.2523,-0.1922,1
-4.7254,0.3922,-1.0465,-0.48,-1.7686,3.4867,-3.2562,-2.7205,1
-2.3124,1.5008,0.1366,-1.0103,-0.2518,2.219,0.2658,0.3395,1
-2.4117,-2.8385,2.71,-5.4099,-1.8255,-0.4708,-0.6313,0.8545,0
0.5435,0.4866,0.8498,-0.5193,3.346,-1.9288,1.7022,0.0328,2
1.5381,3.32,2.6815,-1.2,3.5741,-1.6728,0.8904,0.4173,2
-1.7107,-3.0022,-3.5885,-2.9447,1.0551,-0.0823,-3.4945,-4.5022,1
-3.2708,-2.7844,-1.5173,4.3661,-2.4844,2.6195,1.4404,-2.5395,3
-0.0821,1.5372,-0.0861,-1.7665,4.2123,-2.2091,4.0355,-0.7088,2
-3.1388,-0.7017,0.133,-0.2315,-0.2939,0.5354,1.5077,-0.6961,3
-2.2327,3.1687,-3.7868,-0.8628,0.6257,-0.379,-3.4028,-1.4278,1
-3.1817,-1.2763,-3.3526,-3.799,-0.4014,1.3159,-2.0964,-1.3115,1
-5.0754,-0.8601,-2.543,-4.4738,-1.1751,2.9754,-0.7472,0.5711,1
-2.2742,-1.3342,-1.0475,2.5099,-3.6189,-2.9063,1.2586,-2.0174,3
-3.0657,-1.2735,-0.6989,-2.2457,-1.9632,1.1738,-2.4484,-2.2842,1
-6.5622,-0.156,-0.8781,-2.0396,0.8451,4.0306,-0.6795,-2.2785,1
-0.5941,-0.8337,1.3678,2.5687,-1.4674,1.5097,2.115,-1.1144,3
-1.5599,-4.3357,1.2945,0.9595,-2.4126,0.8217,-0.6982,-2.9443,3
-2.8927,0.1592,1.6784,-2.7756,0.6701,0.1039,-2.4835,1.6485,0
-3.994,-0.0217,-1.874,-3.8858,-0.9913,1.4008,-2.1724,-1.1897,1
0.6022,0.292,-0.1913,-3.1531,-3.2607,1.8532,-3.6666,-0.0021,0
-0.3882,-4.2904,-0.0428,-2.5945,1.4038,-1.0337,-2.2201,-0.8731,0
-3.4002,-3.08,-2.6555,-3.0385,-1.973,0.3701,-5.4073,-0.864,1
-1.1428,-0.6384,2.9937,-0.3115,-0.7253,0.426,-5.2784,-1.4721,0
-1.7139,-1.9833,1.9332,-1.4922,1.4833,0.0181,-3.0551,0.0188,0
-2.0533,-0.6283,0.3264,-6.1048,-0.7418,-0.5945,-0.8852,2.0552,1
-0.6496,-1.7486,-0.924,-2.8485,-0.5444,-0.1618,-2.8155,-0.0758,0
-4.1363,-2.7099,-3.6119,-1.4241,0.0846,1.8253,-3.5544,-3.1706,1
-4.1675,-1.6883,-1.5474,0.4074,-2.4106,1.2516,-0.1016,-0.1118,3
-2.5439,-2.5871,-0.8543,6.0065,-1.7294,1.8744,1.4513,-3.3003,3
-4.6164,-1.9534,-1.105,1.1002,-2.4843,-0.7223,-0.1891,-0.8993,3
1.5045,2.8175,1.9987,-0.0099,2.0235,-3.0222,3.3919,-1.756,2
-0.4259,-3.0774,-0.3294,-3.1173,0.1454,-1.7364,-2.635,1.0949,0
-1.6955,-0.8918,-0.6389,0.0231,-2.2059,0.7925,-0.4194,-0.2925,3
-0.7156,3.1438,0.2663,-1.7689,1.4793,-1.5903,1.2276,-0.4432,2
-5.415,0.8734,-4.101,-0.9673,-2.8435,0.183,-1.8534,-2.7296,1
-4.1887,-0.895,-2.1732,-4.1103,-0.6454,3.9585,-1.3013,-1.8733,1
1.4226,4.2941,1.8814,-2.0308,3.7132,-3.1709,1.0708,0.801,2
-0.2813,2.4815,-1.3125,-0.5001,3.1255,-0.9146,3.4246,-0.1672,2
0.0716,1.8314,-0.0237,-1.6277,-0.2125,-3.5553,1.3814,-1.9964,2
-0.7613,-2.0231,-2.3049,1.7646,-1.4617,0.1165,-0.0667,-1.2496,3
-2.7927,-0.8383,-2.126,-3.4252,-3.0352,-1.1301,-4.0304,-2.7224,1
-5.4246,-1.397,-5.8605,-1.5758,-0.0225,1.6877,-3.4071,-2.4749,1
0.7159,-1.0497,2.9679,-3.8782,0.2167,-2.4023,-1.5796,2.2698,0
-2.0054,-0.9588,0.8363,-2.1305,2.3473,0.7784,-3.3798,3.2416,0
0.1148,-2.1217,-1.8379,-1.8634,-0.1703,2.2008,-0.7825,-3.7528,1
-0.0765,-0.2904,-2.6282,-4.0215,-0.5325,0.4265,-2.1578,-1.0077,1
-3.3592,-0.8991,-1.5046,-0.9542,-0.5936,-0.6031,-0.8867,0.2096,0
1.8208,3.107,1.1729,1.4383,2.2082,-2.5006,1.4407,0.1428,2
0.7945,1.9961,2.6976,-0.7513,4.9699,-1.1429,1.4829,-0.7236,2
-3.0691,-0.0213,-2.7965,-1.0579,1.0,2.0829,-4.1599,-0.623,1
-2.5412,-3.6022,0.7918,-2.5577,0.9018,-3.0276,-4.3847,0.0123,0
0.8439,3.7247,-1.0496,-0.7665,4.056,-3.2316,1.2625,1.5087,2
-2.5271,0.6409,-0.582,1.0669,-1.5959,0.3257,-2.1458,-2.8959,3
-1.2549,5.4255,-0.299,-2.1497,3.9597,-1.9306,0.6909,-0.2141,2
-2.9516,-1.2102,-1.5839,1.1808,-0.3028,3.4102,-0.4869,1.5789,3
2.2325,3.3518,1.3689,-1.2862,2.8432,-2.4184,2.7164,-0.3119,2
-2.7888,-5.0357,1.754,-1.4518,1.0884,2.8768,-2.3651,0.4001,0
-0.7408,-1.7656,-0.9023,-0.4163,-0.6159,1.7805,1.1812,-1.4121,1
-4.571,0.4679,-3.2978,-3.5739,2.0247,0.771,0.2022,-0.739,1
2.5157,-3.4302,0.4446,-2.5152,1.4558,-1.4265,-1.0459,-1.0585,0
-1.4092,0.5181,-2.7059,3.7699,-1.3352,-0.1827,3.8152,-4.1923,3
1.8438,0.1942,2.0578,-0.062,6.0109,-3.5755,2.1574,0.2039,2
-1.5343,-1.2223,2.4341,-6.3213,1.7394,-2.8324,-1.6956,-2.0444,0
1.2434,0.5406,1.0907,-0.9929,2.9472,-2.815,2.3336,-3.1122,2
-5.2744,-1.3728,-3.8506,2.8717,-0.5197,1.0193,0.5492,-1.1061,3
0.2411,2.3917,1.5486,-1.2155,4.3369,-4.9454,3.0657,-1.5049,2
-1.5317,-1.2092,-4.662,-3.4993,-1.3402,2.4406,-2.7579,-4.5001,1
-1.5768,-3.8986,-1.7238,2.0723,-5.6922,3.3982,0.3156,-2.2045,3
-0.0288,-1.6828,-0.106,-4.4616,-0.3071,-1.8424,-4.2086,-0.1177,0
-0.8327,-1.4253,-1.3514,0.4265,-2.2137,-0.1327,1.1718,-1.395,3
1.4686,4.3208,-0.0686,1.4472,2.2852,-2.1885,3.3849,-2.4902,2
-3.349,-1.9446,-3.6329,-3.6101,0.7445,3.4425,-4.158,-0.3638,1
-2.2673,-2.138,-1.9211,0.0115,-3.615,0.0078,-0.6244,-4.4673,3
0.0731,-1.802,1.5704,-1.9473,2.0408,-1.119,-1.429,-0.5293,0
-0.4976,-1.521,3.0029,-3.9936,1.806,1.2764,-0.6189,-0.2083,0
-0.4364,3.9892,-1.3369,1.314,2.8846,-2.315,0.3527,-2.0657,2
-5.4049,0.1122,-3.4742,-5.0711,-2.5286,2.8253,-3.3426,-2.1741,1
-1.8926,-2.9522,-0.7166,-1.6745,-1.6184,0.1178,-4.0725,0.5381,0
-1.452,-1.5557,-1.4547,-2.0922,0.4551,1.9966,-0.5684,-2.5693,1
-3.3617,-2.9319,2.316,-1.4556,0.226,0.3215,-2.4196,-1.6059,0
-2.492,0.658,-3.8074,-2.502,0.4111,2.1647,-0.5177,1.1277,1
-4.2195,-2.5178,2.1662,-1.5385,1.4493,-4.246,-2.4153,0.7337,0
-1.2662,0.8663,1.194,-2.1444,2.6947,-5.0235,2.2476,-2.8493,2
-4.0768,-0.4981,-0.8528,1.2434,-1.3103,1.3666,1.8835,0.0259,3
-3.7474,-1.3789,1.4302,1.8659,-1.3712,-0.0762,-0.0217,0.6943,3
1.9916,3.1666,-0.3353,-0.125,2.5758,-2.0161,1.5938,-3.2722,2
-2.0922,-0.2256,-1.9028,-4.1579,0.8751,1.2161,-0.8772,-1.5377,1
0.0068,-4.2577,-0.0694,-3.3441,-0.3463,0.3964,-2.5377,-0.5118,0
-4.1243,-2.4667,-0.956,-3.4894,-1.9134,0.6455,-2.8803,-3.4403,1
-3.6525,-0.9486,1.3495,-3.4211,0.2019,0.3598,-2.5415,1.9017,0
-1.4795,-2.5247,1.2666,1.4117,-1.9493,3.1622,0.9379,0.1586,3
-0.7173,-1.7414,-3.5403,1.0374,0.6277,1.1359,1.6005,-0.1267,3
-1.8371,-3.1807,0.4112,1.031,-0.7618,0.8738,-0.5713,-1.0619,3
-3.1547,-0.8366,-2.8324,-4.8703,-0.9193,1.9274,-3.6207,-1.6942,1
-2.448,-2.5461,-1.3132,-4.1453,-1.423,0.7651,-3.0168,0.1566,1
0.5056,-5.4212,-0.1465,-2.2195,1.0587,2.4653,-2.2005,1.8364,0
-3.2457,0.9896,-3.2007,-1.1052,-2.5047,-0.5759,-0.5502,-1.0506,1
-0.1396,0.6685,-1.0125,-2.9215,-2.1685,1.8173,-2.5356,-1.7271,1
-1.0131,-3.4369,-0.7804,2.3978,-1.4092,0.0084,-0.9009,-0.7234,3
-1.8646,-1.2612,1.8881,2.3041,-2.7506,-2.7807,2.3224,-0.9485,3
-3.1658,-4.2528,-1.0191,3.9199,-2.479,-0.9882,2.761,1.618,3
-4.6226,-0.1243,-2.2395,-1.6068,0.4649,3.9337,-3.4322,-0.2905,1
0.3776,3.6546,0.7607,1.0315,1.4777,-1.4755,3.4528,-1.165,2
-0.2961,0.1189,0.9143,-2.0533,1.9509,-0.4309,-4.4494,3.531,0
-1.6166,-3.7464,-0.6164,2.2949,-0.5373,2.4873,-3.3728,0.0023,3
-2.2988,-3.4631,-3.3308,-3.57,0.6311,-0.2477,-3.2575,-2.072,1
-0.7081,0.8742,0.5928,-2.5381,1.8435,-0.7691,-3.7827,0.406,0
-0.3817,-3.7228,-1.1495,1.5225,-2.2615,1.1663,3.6558,-1.6246,3
-2.101,-1.4668,-1.7774,-1.0409,-1.7076,4.7139,0.6685,0.8917,1
1.8967,4.0883,-0.8275,1.6069,0.5985,-3.4273,3.1594,0.5509,2
-1.5105,-0.9901,0.9747,-3.7219,-0.661,-0.8064,-2.8055,0.2644,0
0.4953,2.3749,-1.6299,0.6821,2.109,-0.7106,3.3434,-1.233,2
-0.9154,0.004,-3.0898,2.3912,-0.5286,-2.1324,1.1142,-1.0731,3
-0.242,-1.1008,-0.1759,-0.1119,2.5488,-0.7803,-2.276,-0.5553,0
-3.1008,-4.1564,-1.4174,2.8226,-1.5016,-0.1784,1.6626,-1.2361,3
0.6607,-3.0896,1.1963,-2.6737,0.3762,0.7757,0.6938,-0.887,0
1.263,2.1713,-1.2826,-0.7631,2.5498,-0.3338,0.615,0.0948,2
-2.3107,-1.8638,-1.5547,3.2114,1.5895,-0.2495,1.297,0.3463,3
-0.8854,-0.0557,-3.9133,-5.411,-2.3708,5.4263,-3.8657,-1.7681,1
-2.7313,-0.0066,-3.7734,-0.4541,-1.3674,-0.5845,-2.5197,-2.7298,1
0.8144,-2.6045,0.7357,-0.3485,-0.2408,0.2217,-0.3024,0.1003,0
0.023,0.2628,0.3389,1.1361,4.8153,-3.1014,1.1298,-1.5516,2
0.8102,-1.1711,1.5373,-5.483,1.4705,1.0273,-3.0677,-0.6127,0
2.5385,4.113,2.3107,0.1859,0.5758,-1.103,3.8286,-0.5983,2
-3.5708,-3.9512,-1.6355,2.0907,-1.99,0.0301,-0.5581,-0.5061,3
-3.5928,-2.394,-0.0171,2.2736,-0.2285,-1.3816,1.5038,-1.6116,3
0.355,-3.7309,0.8122,-1.2305,1.4139,1.2816,-5.034,-0.4501,0
-2.2603,-1.4279,-1.1977,2.4236,-0.3075,0.9371,-0.6627,0.2089,3
-0.7162,2.4963,1.5609,-0.9702,2.1678,-0.82,3.5186,0.0282,2
-1.16,-0.7698,-1.4253,-4.0177,0.9647,2.2406,-4.4785,-0.7232,1
0.7628,2.092,-0.0144,-1.9365,2.8172,-5.3502,2.0326,-0.6662,2
-2.9304,-1.8235,-2.6646,-2.9208,0.0176,0.7867,-0.7291,-4.0058,1
1.5344,3.1097,-3.162,-2.6268,1.3531,-0.83,-0.3867,-0.0344,2
0.9228,-3.0818,1.8493,-3.237,-0.7563,0.2003,-0.7847,0.0304,0
-1.0181,-1.7595,-3.2147,-0.158,-3.906,0.6837,1.1207,0.2398,3
0.4329,1.6815,1.2074,-1.6908,2.2459,-3.3622,4.4669,0.7855,2
-1.2654,-3.6684,-2.5906,-2.0668,-0.1849,2.8035,-1.8654,-1.4333,1
-2.0986,-0.6689,1.0669,-2.3915,2.2092,-1.1747,-5.8674,-0.4975,0
-2.7431,-1.2207,-1.6871,-3.1353,-0.1405,1.247,-5.4027,-1.7044,1
-2.0918,-3.9424,1.2567,0.1101,-2.0297,-2.1047,-0.8735,-3.0795,3
-0.5691,-3.877,-2.1373,2.6215,-5.2022,2.3194,-0.2146,0.1343,3
-2.4527,-1.5548,-1.079,0.3202,-3.8615,-0.2631,0.8521,-1.8892,3
-1.0523,-0.9946,-0.0007,-2.6279,-2.2347,1.6955,-0.74,-1.6568,0
-2.9469,-1.5525,-2.3315,-2.4894,-0.0046,0.7639,-2.2019,-1.5936,1
-0.7133,1.0322,0.1784,-3.5091,0.9551,-0.0379,-4.0726,-1.5934,0
2.3087,5.0121,1.2147,-1.4283,2.8827,-5.325,1.8955,-0.032,2
-5.6531,1.4195,-2.0533,-0.3961,-2.306,3.4459,0.6463,1.1494,1
0.8819,2.3288,1.5298,1.7351,2.2585,-3.9835,1.3385,-1.1376,2
2.3823,2.2282,0.2815,0.9388,2.0818,-2.8879,2.6798,-0.7405,2
0.2548,2.2969,-1.9431,-1.3821,5.2767,-0.642,1.6649,-2.2193,2
-2.4076,-3.4321,-2.8434,3.0033,-1.429,-0.7212,-0.55,0.4486,3
-2.9172,0.5422,-4.2513,-3.8812,0.2458,0.2465,-2.1048,-1.1675,1
2.5096,2.2386,0.5813,-1.37,2.9364,-3.196,2.2619,0.0843,2
-4.1691,0.0817,-2.2844,1.685,-2.6579,-0.3028,0.8879,-1.1687,3
-0.1913,2.0256,-2.6624,-0.6525,-2.676,-0.7481,-2.9334,-2.8855,1
-1.2056,-3.2391,1.602,-2.6526,-1.8352,0.3531,-1.7149,1.3688,0
-2.7561,0.8466,-3.4022,-2.5709,-0.8802,2.7611,-0.0232,-2.0123,1
-0.6443,-1.3732,1.702,0.3728,-0.7715,-0.7877,1.2605,-2.5693,0
-0.9383,-6.0247,-1.4305,2.1251,-3.3758,1.8612,1.1264,0.9685,3
-1.8452,-4.6756,-0.4204,2.565,0.3691,1.6927,1.3165,-0.4067,3
-1.0054,-2.0021,0.663,-1.2853,0.9069,-1.0044,-1.7214,-0.1679,0
-1.6812,-0.3865,-4.2255,-1.5849,0.7258,-0.7171,0.2996,-0.9646,1
2.6366,2.8652,0.734,0.5308,2.4676,-4.1431,3.643,-2.5186,2
-0.2894,-2.1391,-2.3544,-2.8267,0.0459,-0.1833,-4.7183,-4.9038,1
0.2648,2.4069,0.1447,-1.3941,-0.6132,-1.4262,2.4888,-1.0489,2
-1.2573,-1.9284,1.6359,2.125,-2.2614,-1.4546,0.7199,0.5414,3
-1.7614,5.1528,1.3581,2.6991,1.8527,-2.751,1.4416,-1.0451,2
-2.5853,-1.1916,-3.6357,-3.1942,-0.7362,1.9263,1.916,-0.7668,1
-0.9129,-0.6481,-0.6199,-4.0034,0.1808,-3.5183,-3.0164,-0.5665,0
1.6935,0.7038,3.2532,-2.5114,1.2113,-2.6623,2.7996,-0.275,2
1.5019,-1.3725,2.4364,-3.8006,-0.0441,-3.3532,-1.5593,1.3538,0
-1.6982,-1.603,-3.5755,-2.9024,-0.1839,0.5108,-0.0005,-2.4491,1
-2.4641,-3.654,-3.0515,1.58,-2.4608,-0.6181,-0.3748,-2.0346,3
1.2973,4.1134,1.4345,-2.1912,3.0754,-2.5319,4.084,0.3455,2
-1.1663,1.1273,-1.4424,-5.0184,-1.4046,3.9518,-3.9736,-0.0767,1
-2.7316,-2.0145,3.1034,2.4322,-3.0821,3.1172,2.01,0.3457,3
-5.6029,2.8388,0.6061,-2.4941,0.4937,2.627,-1.8743,-1.9529,1
0.2365,0.9209,0.8973,-2.9217,-0.4841,-1.9789,-3.5345,0.9396,0
-0.6129,0.9306,-2.4393,-3.4652,-3.072,0.53,-0.9808,-2.7845,1
-4.6273,1.2197,-0.273,-3.2879,-1.5161,1.4865,1.2531,-0.2544,1
1.1373,2.0561,-2.0337,0.3089,3.1365,-3.4964,0.8002,0.5267,2
-1.8857,4.3699,2.3126,-1.2866,3.0305,-1.6679,2.0353,0.2264,2
-2.4527,-3.0404,0.8751,2.6495,0.6559,1.1802,0.5576,0.2152,3
-0.5901,-0.8469,1.1826,-2.7747,-1.9521,0.5544,-2.6098,-0.3565,0
-1.7542,1.7759,-2.8022,-3.3555,0.0732,2.2472,-3.5284,-2.6929,1
0.3823,3.8264,0.2036,-2.3732,4.0374,-3.2098,3.781,-2.1423,2
-1.5078,-3.9138,1.2357,2.3593,-0.2824,0.7839,0.3848,-0.5331,3
2.0538,-2.1346,-1.3177,2.9758,-2.3301,1.4807,1.9605,-2.1476,3
-1.3008,-5.9051,-0.4682,-2.5131,-1.8904,-0.5265,-2.4456,-1.8839,0
-2.2718,-2.1625,0.0395,-0.2554,-2.3212,0.5837,2.1601,-1.8769,3
-1.3213,-2.7087,1.0239,1.5017,-3.3564,1.979,0.5767,-0.2946,3
-2.4809,-0.6188,-2.9704,-4.3782,-1.9244,4.3253,-3.3161,-0.4769,1
-0.1646,-5.725,1.7757,-1.8924,2.573,-0.207,-2.7465,0.776,0
0.2801,-1.3534,-1.8578,-3.4525,1.3945,-3.3416,-2.9096,1.472,0
-1.045,3.4074,0.4644,-0.2,5.3517,-3.8785,0.9641,1.4897,2
0.4707,1.6384,1.9674,-1.7188,2.1466,-1.9441,1.3982,-1.8708,2
-2.1707,2.9535,1.5813,1.1826,1.5998,-3.6056,-0.3966,-2.6467,2
-0.9881,-0.8244,-1.5326,1.696,-3.7255,1.9448,0.1171,-1.6484,3
-2.4771,0.6548,-1.2376,-3.416,-2.5624,3.9595,-2.0969,-0.1126,1
1.9298,1.1673,1.4648,-0.3127,4.7557,-1.1262,2.9203,1.7455,2
1.6594,-4.5563,1.562,0.8278,-1.0833,0.1596,-0.0111,-0.1237,0
-0.2713,-0.8313,-0.3625,-2.6901,0.6252,0.3497,-2.7004,-0.2289,0
-1.7871,-1.8575,1.1218,-1.9944,-0.1189,-0.2933,-2.5781,1.1245,0
-2.743,0.3974,-0.9354,-1.3253,1.2346,0.193,-3.1523,-1.0268,1
-2.8783,-1.5676,-0.9276,2.5563,-0.5629,-1.5541,1.2079,-1.0082,3
1.0204,-1.1058,0.8762,-1.73,2.5317,0.554,-1.2187,-1.4714,0
-1.2552,2.9962,0.6635,-1.9331,3.8629,-2.7868,2.176,-1.8695,2
-2.4766,1.4309,-3.3826,-2.9581,-1.5841,0.8451,-0.0788,0.8025,1
0.2324,1.704,0.2218,1.0108,2.7199,-0.9094,-1.3059,-1.8802,2
-3.4655,-0.7213,-2.0676,0.8947,-3.9987,0.1974,2.2057,-1.6709,3
-3.6224,1.701,-1.1802,-0.0531,-0.9426,2.0033,-3.4903,-0.3065,1
-1.0618,0.3531,-4.2692,-0.5016,0.7955,-0.7109,0.3208,-0.5267,1
-0.6346,0.2339,-0.0553,0.7473,-0.6861,-0.7819,-2.4094,1.4786,0
-3.1767,-2.1297,-0.8411,-0.2213,-0.6012,3.3957,-1.6354,-0.737,1
-2.6711,-0.0575,1.557,-3.9056,1.7256,-0.3229,-4.8421,2.2985,0
-1.7445,-1.9473,1.6382,-3.1436,3.4693,-1.2559,-1.1096,0.2149,0
-3.7165,-3.7464,-0.643,0.7199,-1.337,-0.9573,1.0145,-0.8639,3
-0.7656,-0.2527,-3.7827,-2.952,-1.3777,0.7595,-0.1555,-2.5364,1
-1.0911,6.4324,-0.8678,-0.4643,2.8999,-1.6971,1.7095,-0.6487,2
-4.514,-2.35,-3.3616,-3.3034,0.0614,2.3342,-2.2133,-2.6078,1
-3.0045,-4.4692,2.5612,-1.5288,-0.9268,0.3975,-1.9567,0.9514,0
0.3371,4.7024,-0.9953,-0.7542,2.062,-1.4434,0.8336,-3.5254,2
-1.6297,-1.9223,-0.4151,-1.4608,-3.681,1.5382,0.6884,2.2745,3
-1.7649,2.2014,1.0479,0.4563,5.4518,-3.0743,1.4754,-1.3159,2
-1.8121,-0.3926,-1.4361,4.9468,-4.1229,0.8637,-0.7444,-0.9856,3
-4.0471,-3.0874,-1.3816,-0.3145,0.8383,3.1006,-3.1233,-2.6595,1
-1.3498,-0.1473,-2.6457,1.7438,-1.2109,2.5565,1.1948,0.2734,3
-4.6428,0.5983,1.3393,2.8277,-2.6406,-1.1443,-1.3765,-0.0126,3
1.4569,3.1899,-2.1174,-0.987,0.933,-4.3748,2.3561,-1.1779,2
-2.021,-1.4813,-0.3209,0.6746,-0.476,0.8671,-3.5583,1.1804,0
2.0151,1.3897,2.9228,-2.0231,3.9986,-0.7052,0.8592,0.734,2
-3.7632,-2.0847,-0.5899,-1.1106,-1.8974,-1.5017,1.4508,1.0959,3
-0.792,-2.8217,-1.6507,2.228,-1.8418,2.766,0.4867,-1.4885,3
-1.1608,-1.1774,-0.2303,3.8174,-0.5445,2.3263,0.1499,-0.7687,3
-4.1791,-3.32,1.313,-3.2074,1.3073,0.2407,-1.7193,0.5019,0
-2.107,-1.6553,-3.6954,-2.482,-4.2524,1.8077,-3.6573,-3.7085,1
-3.5272,0.2087,-0.9138,-0.6961,0.2732,0.1128,-4.0226,-1.3141,1
-3.5579,-0.1347,1.654,-3.3809,-0.3834,2.3479,-2.3052,-0.3573,1
0.102,1.7424,-1.4739,-1.6339,2.0263,1.7084,-2.4139,-3.1482,1
-0.8108,-0.4224,0.6966,-2.2978,1.3313,-0.6079,-2.7759,2.1912,0
-0.9934,-3.0604,0.3376,3.0354,-1.2597,1.1559,-0.9554,-0.263,3
1.0629,-2.6305,0.8019,-2.2904,-1.882,-0.7836,-3.5982,0.5647,0
0.924,1.4604,0.1809,-1.8976,3.3922,-1.7563,4.6081,0.5102,2
-2.7912,-1.8763,-1.0055,1.8953,-4.4066,-1.5145,0.7771,1.1572,3
-3.5779,0.0039,-0.3417,-2.4178,-0.6574,2.9905,-2.769,-0.1446,1
-3.0115,-3.2207,-2.0338,3.4815,-1.4169,2.9256,1.5159,1.8235,3
-1.5387,-2.2439,1.7905,-2.2176,-0.411,-2.1455,-3.3808,1.7539,0
-1.3016,0.6878,-4.7327,-3.0232,-2.4462,1.8081,-1.4476,-3.1557,1
-4.4166,-0.309,-5.286,-3.142,2.2286,2.0725,-4.0212,-1.3006,1
0.3419,2.9806,2.3332,1.2109,2.234,-1.8763,2.5637,-0.1961,2
0.8667,-1.8103,-0.1175,-2.4978,0.4227,-3.2332,-3.5028,0.2728,0
-3.466,-0.6143,-1.9227,-3.5889,0.2001,1.0703,-3.0197,-0.909,1
-2.989,-2.2836,0.697,-2.9826,2.182,-2.2436,-0.8872,-1.731,0
-2.0437,-3.4512,-2.5557,1.4949,0.0906,0.2124,1.5448,-2.745,3
-4.1573,0.5734,-2.3302,-2.1152,0.902,1.9368,-0.7,-0.4351,1
-0.7129,-1.4868,3.1372,-1.6987,0.9414,-0.039,-4.8476,1.839,0
-2.451,-1.4472,-0.7467,-2.5654,-1.9737,3.7936,-3.0736,-1.3508,1
-1.7828,-2.7043,-1.8749,1.3949,-0.3284,-0.3521,1.3484,-2.327,3
1.3102,-1.1289,-0.6194,-0.292,-0.437,-3.2068,2.2783,-1.1233,2
0.2782,2.3842,0.0045,-0.3211,0.2629,-1.6843,0.0447,-1.9549,2
0.9788,1.4315,0.539,0.6426,-0.7709,-1.1661,3.1869,-4.1758,2
0.0229,3.5501,1.2612,-3.3486,4.8194,-3.5167,1.3598,0.979,2
1.133,2.6681,-1.7686,-1.5135,4.5373,-4.4564,0.8193,-2.7368,2
1.2385,2.649,-1.2324,-2.0948,2.5616,-2.1755,2.5826,-0.6166,2
0.8747,3.6234,0.5783,-2.6252,1.508,1.574,2.5294,0.5155,2
-4.1565,-3.0977,1.1409,1.5047,1.066,-0.5144,0.4501,-2.9648,3
-1.7842,-3.538,-0.0731,3.1955,-1.318,-0.0903,0.7708,-1.6198,3
-2.3038,-2.808,-0.4931,0.8426,0.0561,0.5321,1.556,0.094,3
-3.8126,-1.3919,-4.043,-5.3363,0.3805,3.8243,-2.0125,-3.0279,1
-2.6305,-1.7534,1.4633,-2.2314,-0.3883,0.1113,-2.257,-0.6863,0
-3.3667,-1.2801,-1.9566,-1.9931,-0.2043,4.3712,-2.7162,-0.9982,1
-3.2883,-1.9603,-1.0455,-1.1868,1.7011,3.1609,-3.0596,-3.988,1
-2.8072,-0.3207,-1.8024,-2.2879,-1.5637,0.9687,-5.2235,-1.8974,1
-3.1643,-4.3644,2.5517,-3.2088,0.1305,-1.2437,-2.8216,-1.4788,0
-2.0962,0.3434,-2.7509,-2.6996,0.8579,1.9827,-1.2242,-0.8451,1
0.0099,0.6413,-3.0545,-3.2956,-1.5911,2.1234,-2.3032,-0.7222,1
-4.0242,1.3964,-3.5314,-2.6863,-0.0567,1.4957,-1.8938,-2.4352,1
2.5345,3.7361,-0.818,0.7097,1.3693,-1.8576,0.8592,-1.8195,2
-0.5657,-1.9856,1.8515,-3.0848,0.1642,-3.8004,-3.2446,0.9906,0
1.4508,-2.0329,1.649,-1.1647,-0.0618,-2.5694,-3.4296,1.5476,0
-1.7982,0.3637,-2.6126,-1.7356,-1.2977,2.0608,-2.2008,-0.8844,1
-1.0233,-4.1081,0.8055,-2.1331,0.8699,-1.1303,-3.9172,0.268,0
0.8301,2.0822,1.0376,-1.9714,1.0467,-3.1693,0.2229,-1.9564,2
-1.924,-1.5942,-0.969,4.7272,-4.8607,0.4564,4.1727,-0.4476,3
-1.2838,-1.3458,0.1741,2.4788,-4.6517,0.4529,-0.0743,-2.3644,3
-3.1277,-0.9888,-0.0167,1.262,-1.1192,4.067,2.5187,-2.2864,3
-3.2465,-2.9894,2.1974,-3.3571,-1.048,-1.8852,-4.7965,-0.1196,0
-2.1589,-1.2108,2.4858,-1.3628,0.6986,-0.6066,-2.4385,0.85,0
-2.0826,-3.6598,-2.7679,1.6319,0.001,-0.8789,2.6859,-0.4652,3
-0.4601,-1.8443,-0.4946,-1.4834,-0.1773,-1.2755,-1.5379,1.8936,0
-4.1591,-3.6747,-1.2714,1.4104,-1.8651,2.382,1.2374,-0.809,3
2.1524,2.2,2.4069,-1.5317,2.6691,-5.3493,1.0851,-2.3704,2
1.4558,2.2102,0.0332,0.8329,1.6638,-3.2227,2.3493,-0.7065,2
-4.4241,-1.7091,-3.5108,-2.2498,-0.5223,4.2951,-1.8551,-3.1611,1
-3.0218,-0.3873,-1.2346,-3.3075,0.3113,1.1677,-1.2237,0.7716,1
-2.5923,-0.206,-2.7805,-3.4793,-0.5459,1.064,0.0386,-0.9124,1
-4.0139,0.4987,-1.3977,1.5233,-2.679,1.8156,0.8712,1.5398,3
2.0494,-5.6523,0.2973,-1.8647,0.0853,-1.7417,0.361,0.1559,0
1.9672,4.8245,1.5783,-2.6376,2.4432,-1.928,2.7114,-2.3571,2
2.4003,2.5039,-0.381,-1.5906,3.3428,-4.1972,0.7962,1.4452,2
-0.2433,1.9387,0.4021,-1.6994,2.2872,-5.0277,2.3466,-2.4506,2
-1.4078,-2.5343,1.5494,-1.7087,0.1645,-1.9977,-2.854,-0.047,0
-2.3033,0.0896,2.2888,-2.8144,-2.5455,1.1634,-2.7868,-0.7993,0
-3.7789,-0.6484,1.3604,-3.5483,2.0711,1.7272,-4.6154,-0.8883,0
1.3274,-0.7101,3.455,-1.4312,-1.0056,-0.4409,-5.6761,-1.0028,0
-1.5774,-3.6408,-2.374,0.9497,-2.4119,1.3238,-0.8048,1.3821,3
2.0347,-4.8737,0.8508,-1.9812,1.5673,0.1307,-3.0331,-1.4308,0
-3.4328,0.4823,-2.2125,-0.1826,1.1398,1.3297,-1.7686,0.8092,1
2.8069,3.4114,-1.047,0.1097,3.5158,-3.0398,2.1821,-1.6796,2
-0.0814,3.0243,0.4449,-0.7233,4.3446,-5.0372,2.4896,-2.6967,2
1.4327,1.8976,-1.0633,-1.1873,1.9579,1.3257,1.4717,1.0477,2
-1.1964,-1.046,-0.3237,-1.6694,2.8229,-1.5823,-2.4469,-0.166,0
-1.8345,-0.3904,-2.2854,-6.3093,1.1731,2.0057,-4.7529,-1.5269,1
-2.0969,-4.0978,0.842,2.6137,-2.3051,-1.0702,2.8533,-0.0416,3
-2.0003,-1.08,-2.1552,-1.3487,-1.2352,-0.6201,-1.7972,-0.9874,1
-3.6859,-1.3432,-3.7221,-1.6404,0.006,1.5834,-2.0156,-1.8644,1
-2.5962,-0.566,-2.6478,-1.4304,-0.5824,-1.4051,-2.2873,-2.9058,1
-3.3701,0.67,-3.1471,-0.6835,-2.0763,0.1238,-0.0856,-1.1022,1
-2.5123,0.1144,0.3711,-4.4826,-0.8534,-0.0766,-1.9564,0.292,0
-1.6672,-4.9073,-0.0504,-1.7696,1.0082,-0.8822,-2.977,-1.9389,0
-6.2778,-0.219,-1.8541,-2.8791,0.3194,-1.1791,-1.0643,-1.1398,1
-1.1221,-3.6246,-4.9437,-0.5888,-1.723,2.4531,0.776,-2.1306,3
-3.4193,-3.1735,0.4936,2.2502,-0.2611,1.6482,2.0757,0.5904,3
0.679,-2.3965,1.0324,1.0679,-0.2652,0.4179,-1.2794,0.0538,0
-0.0634,4.0961,-0.4189,-1.2424,2.632,-2.6677,3.7599,-2.0785,2
-2.1412,-2.9967,-1.8825,-0.4213,-2.7141,1.518,-4.9424,-0.5697,1
2.4533,1.368,2.29,-4.4685,3.9741,-3.6664,2.7935,-0.2985,2
-3.638,-1.2531,-1.5519,4.569,-1.2758,-2.1057,2.0491,0.9334,3
-0.432,-3.4469,-1.749,-2.482,-1.0874,0.2299,-4.1697,-3.6353,0
-1.2636,-2.6147,-1.797,3.2537,-1.0713,1.1741,-0.2527,0.0882,3
-1.3362,-2.5307,0.8171,-3.629,1.1971,-0.3099,-2.7749,-0.8963,0
-2.0396,-0.1293,-2.4778,-5.769,-0.9759,0.9038,-4.2364,-2.9423,1
-2.9864,-3.086,-0.2017,2.4812,-2.3723,-0.9521,-0.514,-2.9187,3
-2.085,-4.4005,-3.3189,3.222,-0.9981,1.2612,-1.4149,-3.6556,3
-1.9951,-1.5308,0.3923,1.1396,-3.6106,0.2328,1.2342,-1.7186,3
2.6052,2.7555,0.3194,-0.3735,-1.1141,-1.685,2.9051,-1.0412,2
-1.4382,-1.8036,-1.3987,1.3414,-3.5878,3.1414,0.2263,-3.5953,3
0.016,-0.7686,1.6197,-2.7839,0.9281,-2.3153,-0.9981,-1.3795,0
-3.1275,-2.0243,-4.2049,2.0385,-2.7868,-1.535,-1.0742,0.7723,3
-1.6599,0.6088,-3.4312,0.003,-3.2134,1.5047,2.4341,-1.2221,3
-4.6053,-2.1129,-3.0827,0.9808,-1.6127,2.8011,1.4575,0.1361,3
1.3937,0.0349,-1.0543,-0.6156,3.3363,-1.6289,3.2741,0.1856,2
-0.0165,-3.6054,-3.7209,2.2835,-1.4503,0.9747,-0.7032,-1.4125,3
-1.3037,-1.7065,1.7074,-2.5642,1.2849,-0.0136,0.1629,0.4995,0
0.1863,-2.0059,0.5156,-3.3719,-0.1444,0.0671,-2.1568,-1.6489,0
-3.0128,-1.367,-1.3436,2.0768,-1.3624,2.2238,1.6541,-0.4541,3
2.3256,4.2697,0.1753,0.7736,4.8904,-4.03,4.212,-3.1318,2
0.9598,-1.5878,1.0726,-4.3842,1.0769,-1.6623,-3.2858,-1.7261,0
0.4011,-0.8923,0.0043,-0.9574,3.9007,-5.3812,1.7395,-0.6245,2
-3.5346,-2.9101,-3.5226,-0.7936,2.1618,1.5881,-3.2252,-2.3745,1
-3.3365,0.222,-3.8792,-1.0932,1.2422,2.0105,-3.846,-1.0972,1
-3.3937,0.9353,-1.5118,-2.3144,-0.9045,4.1353,-3.089,-0.7525,1
0.9492,2.2296,-0.393,-2.3376,2.3269,-0.9778,3.6837,-1.7306,2
0.7946,3.0583,-0.1937,-1.7183,4.0784,-0.9021,3.078,-0.6522,2
3.5949,2.815,-0.9923,-0.1786,1.7785,-3.2178,2.4038,-0.8095,2
-3.8049,-0.5983,-0.8191,-2.5833,-0.0538,-0.8459,-3.4801,0.3717,0
-2.2262,-1.9957,1.7467,4.3405,1.1627,0.6721,2.1672,1.0897,3
-0.6492,-1.8381,0.3477,-3.9293,3.1839,0.6465,-4.3239,-1.8384,0
1.2438,1.5958,-2.3776,-2.7539,-0.5647,-2.6248,2.2126,0.1278,2
-1.069,-0.0706,-1.3076,2.4036,-2.5006,0.2615,-1.5041,-1.5507,3
2.0004,-4.4554,0.4399,1.261,-2.2436,1.7421,0.8373,-2.4058,3
2.5263,1.7113,-1.8133,-2.9757,2.2455,-3.5926,2.1701,-0.4977,2
0.0699,4.0778,3.4761,-1.1694,5.3712,-5.5567,4.0422,-1.725,2
1.43,3.2673,1.8222,-1.7448,4.9795,-0.9134,2.1371,-0.6371,2
1.5244,3.5178,2.5386,-0.2297,2.1846,-3.836,0.3992,-0.19,2
-2.8262,2.734,-0.8475,-1.2562,3.4548,-5.4999,1.0824,-2.1165,2
-1.0577,-1.8487,0.7176,-4.3272,0.8052,0.6693,-2.0435,-0.2203,0
-2.5646,-1.6545,-0.8338,2.831,-3.7798,3.8275,3.3125,-0.8078,3
0.4103,2.4638,1.1029,0.54,1.0585,-2.351,1.1541,-0.4152,2
-0.3357,2.1879,0.0052,-0.2412,4.0664,-0.2707,1.2598,0.5996,2
2.3451,-1.5977,0.1297,-2.7046,-0.1005,-0.8937,-6.4713,-0.637,0
-4.433,-0.0429,0.4802,0.6131,-0.1759,1.3885,-2.4745,0.4466,3
-2.4795,-2.5975,2.1539,-2.4229,-0.9789,-1.9841,1.0813,1.6405,0
-2.1881,-1.7522,1.5027,-4.651,0.2832,1.0229,-5.4721,-0.4056,0
-3.5664,-3.8952,-0.9331,0.5111,0.2303,-0.3545,0.0715,0.4064,3
-5.5382,-2.2001,-1.0021,-2.6473,-1.0065,2.3008,-2.8523,-2.4229,1
-0.6517,-0.6886,-1.701,0.0501,-1.9977,1.0058,-1.2458,-2.3443,3
-3.2016,-2.898,-1.9008,1.596,-0.8609,-0.1622,1.2696,-1.4406,3
-1.9891,4.0579,0.8981,-0.5906,1.3503,-3.372,4.2673,-2.4205,2
-1.0127,-1.7454,1.7932,-1.5826,2.319,0.8242,-4.4886,-0.663,0
-1.5822,0.4443,-2.1339,-4.6226,-1.1818,1.1886,-3.6257,-0.9478,1
-4.0959,1.487,-1.2169,-0.8048,2.307,-3.9978,0.9724,0.2046,2
0.0548,1.7426,-1.1502,1.8051,3.7495,-2.5629,1.4902,-2.6365,2
-2.639,-4.8625,0.9592,-2.2005,-0.5532,0.4385,-3.0345,-0.8034,0
-3.9293,1.7453,-0.8232,-1.2697,3.4482,-2.1552,2.1905,-1.926,2
-0.972,-1.2344,-0.2575,3.3836,-3.2531,0.4326,1.2928,0.5819,3
-3.7066,-3.334,0.9025,-4.01,-1.2472,0.073,-3.562,0.9335,0
-1.8622,-1.3986,-0.5716,-1.8696,1.016,-1.1944,-1.9083,-2.1244,0
-2.691,-1.8324,1.4087,-0.9838,1.3113,-0.7718,-1.457,0.8004,0
-1.7752,-2.3394,-0.9096,4.3666,-2.0601,0.1284,-0.1824,-0.7961,3
-1.6889,-3.5133,-0.0346,4.5054,-3.5809,0.1525,-0.6284,-3.4017,3
-4.7398,-2.4866,-2.252,-0.1209,-2.2442,0.723,0.0745,-2.3743,3
-3.7134,-2.1679,1.7881,-5.0322,-2.3403,-2.297,-3.5329,-1.9194,0
-3.6507,-1.9296,-0.3757,0.6709,-4.8189,0.9756,-0.6793,-0.1649,3
3.1446,2.2275,2.2918,-1.3852,3.9156,-5.4293,2.428,-1.5078,2
-1.9832,-2.6755,2.364,-2.5279,-1.0174,0.5192,-0.6003,-0.5781,0
-1.2569,-2.0244,-1.8921,-2.2548,-2.1017,2.0275,-2.3894,-0.9586,1
1.0327,-2.8997,-0.5264,-4.4688,-1.4943,-0.3362,-0.2824,0.6458,0
